date,weekday,type,what,deals (verbatim)
2026-10-01,Thu,Launch,"October kickoff in the Harvest Table look: today's Thirsty Thursday, Oct 1-4, and the month's Dime Days",Thirsty Thursday- 40% off select beverages
2026-10-03,Sat,Daily,Saturday: Ready To Rip + Lost Farm,Ready To Rip Saturday- 40% off select vape cartridges & all in ones | Lost Farm Saturday- 40% off
2026-10-05,Mon,Week overview,"The week of Oct 5-11, leading with Monday; promotes Dime Day Sat Oct 10","Munchie Monday- 40% off select edibles | Maven Monday- 40% Off | Terpy Tuesday- 40% off select concentrates | West Coast Treez Tuesday- 40% Off | Roll-Up Wednesday- 40% off select prerolls & preroll packs | Thirsty Thursday- 40% off select beverages | Flower Friday- 40% off select flower | Camino Friday- 40% off | Ready To Rip Saturday- 40% off select vape cartridges & all in ones | Lost Farm Saturday- 40% off | Dime Day- Buy 1, Get 1 50% Off | Self Care Sunday- 40% off select wellness & sleep products"
2026-10-07,Wed,Daily,Wednesday: Roll-Up Wednesday,Roll-Up Wednesday- 40% off select prerolls & preroll packs
2026-10-09,Fri,Daily,Friday: Flower Friday + Camino Friday,Flower Friday- 40% off select flower | Camino Friday- 40% off
2026-10-10,Sat,Event,Dime Day #1 (plus Saturday's deals),"Dime Day- Buy 1, Get 1 50% Off | Ready To Rip Saturday- 40% off select vape cartridges & all in ones | Lost Farm Saturday- 40% off"
2026-10-12,Mon,Week overview,"The week of Oct 12-18, leading with Monday",Munchie Monday- 40% off select edibles | Maven Monday- 40% Off | Terpy Tuesday- 40% off select concentrates | West Coast Treez Tuesday- 40% Off | Roll-Up Wednesday- 40% off select prerolls & preroll packs | Thirsty Thursday- 40% off select beverages | Flower Friday- 40% off select flower | Camino Friday- 40% off | Ready To Rip Saturday- 40% off select vape cartridges & all in ones | Lost Farm Saturday- 40% off | Self Care Sunday- 40% off select wellness & sleep products
2026-10-13,Tue,Daily,Tuesday: Terpy Tuesday + West Coast Treez Tuesday,Terpy Tuesday- 40% off select concentrates | West Coast Treez Tuesday- 40% Off
2026-10-15,Thu,Daily,Thursday: Thirsty Thursday,Thirsty Thursday- 40% off select beverages
2026-10-18,Sun,Daily,Sunday: Self Care Sunday,Self Care Sunday- 40% off select wellness & sleep products
2026-10-19,Mon,Week overview,"The week of Oct 19-25, leading with Monday; promotes Dime Day Tue Oct 20","Munchie Monday- 40% off select edibles | Maven Monday- 40% Off | Dime Day- Buy 1, Get 1 50% Off | Terpy Tuesday- 40% off select concentrates | West Coast Treez Tuesday- 40% Off | Roll-Up Wednesday- 40% off select prerolls & preroll packs | Thirsty Thursday- 40% off select beverages | Flower Friday- 40% off select flower | Camino Friday- 40% off | Ready To Rip Saturday- 40% off select vape cartridges & all in ones | Lost Farm Saturday- 40% off | Self Care Sunday- 40% off select wellness & sleep products"
2026-10-20,Tue,Event,Dime Day #2 (plus Tuesday's deals),"Dime Day- Buy 1, Get 1 50% Off | Terpy Tuesday- 40% off select concentrates | West Coast Treez Tuesday- 40% Off"
2026-10-22,Thu,Every Day,Every Day In October: Flora Terra flower + every vendor deal,"Flora Terra 14g Mix & Match - Save $10 when you buy 2 Flora Terra 14g | Flora Terra 7g Mix & Match - Buy 2 Flora Terra 7g for the price of the 14g | Flora Terra 3.5g - Buy 3 Flora Terra 3.5g for $50 | 30% off | 30% off | 30% off | Buy 2, Get 1 | 10% off | Buy 2, Get 1 | Buy 2, Get 1 | Buy 2, Get 1"
2026-10-24,Sat,Daily,Saturday: Ready To Rip + Lost Farm (second send),Ready To Rip Saturday- 40% off select vape cartridges & all in ones | Lost Farm Saturday- 40% off
2026-10-26,Mon,Week overview,"Oct 26-31 (no Sunday left in October), leading with Monday; promotes Dime Day Fri Oct 30 (+ the Halloween Sale once sheet row 29 arrives)","Munchie Monday- 40% off select edibles | Maven Monday- 40% Off | Terpy Tuesday- 40% off select concentrates | West Coast Treez Tuesday- 40% Off | Roll-Up Wednesday- 40% off select prerolls & preroll packs | Thirsty Thursday- 40% off select beverages | Flower Friday- 40% off select flower | Camino Friday- 40% off | Dime Day- Buy 1, Get 1 50% Off | Ready To Rip Saturday- 40% off select vape cartridges & all in ones | Lost Farm Saturday- 40% off"
2026-10-30,Fri,Event,Dime Day #3 (plus Friday's deals; + Halloween once confirmed),"Dime Day- Buy 1, Get 1 50% Off | Flower Friday- 40% off select flower | Camino Friday- 40% off"
