date,weekday,sheet_row,sheet_date,deal,category,brand,notes,location
2026-10-04,Sunday,6,Sundays in October,Self Care Sunday- 40% off select wellness & sleep products,"Wellness, Sleep","AbsoluteXtracts Pills & Sleep Skus, Buddies Roll On, Kanha (sleep skus), Papa & Barkley, Kiva(sleep skus), Petra(sleep skus), Terra(sleep skus), Camino(sleep skus), Wyld(sleep skus), Plus(sleep skus), Care By Design, Dr. Norms tablets and vape","Select brands only, restrictions apply, while supplies last",All Stores
2026-10-11,Sunday,6,Sundays in October,Self Care Sunday- 40% off select wellness & sleep products,"Wellness, Sleep","AbsoluteXtracts Pills & Sleep Skus, Buddies Roll On, Kanha (sleep skus), Papa & Barkley, Kiva(sleep skus), Petra(sleep skus), Terra(sleep skus), Camino(sleep skus), Wyld(sleep skus), Plus(sleep skus), Care By Design, Dr. Norms tablets and vape","Select brands only, restrictions apply, while supplies last",All Stores
2026-10-18,Sunday,6,Sundays in October,Self Care Sunday- 40% off select wellness & sleep products,"Wellness, Sleep","AbsoluteXtracts Pills & Sleep Skus, Buddies Roll On, Kanha (sleep skus), Papa & Barkley, Kiva(sleep skus), Petra(sleep skus), Terra(sleep skus), Camino(sleep skus), Wyld(sleep skus), Plus(sleep skus), Care By Design, Dr. Norms tablets and vape","Select brands only, restrictions apply, while supplies last",All Stores
2026-10-25,Sunday,6,Sundays in October,Self Care Sunday- 40% off select wellness & sleep products,"Wellness, Sleep","AbsoluteXtracts Pills & Sleep Skus, Buddies Roll On, Kanha (sleep skus), Papa & Barkley, Kiva(sleep skus), Petra(sleep skus), Terra(sleep skus), Camino(sleep skus), Wyld(sleep skus), Plus(sleep skus), Care By Design, Dr. Norms tablets and vape","Select brands only, restrictions apply, while supplies last",All Stores
2026-10-05,Monday,7,Mondays in October,Maven Monday- 40% Off,"Flower, Prerolls, Infused Prerolls, Preroll Packs, Vape Cartridges, All In Ones",Maven,While supplies last,All Stores
2026-10-12,Monday,7,Mondays in October,Maven Monday- 40% Off,"Flower, Prerolls, Infused Prerolls, Preroll Packs, Vape Cartridges, All In Ones",Maven,While supplies last,All Stores
2026-10-19,Monday,7,Mondays in October,Maven Monday- 40% Off,"Flower, Prerolls, Infused Prerolls, Preroll Packs, Vape Cartridges, All In Ones",Maven,While supplies last,All Stores
2026-10-26,Monday,7,Mondays in October,Maven Monday- 40% Off,"Flower, Prerolls, Infused Prerolls, Preroll Packs, Vape Cartridges, All In Ones",Maven,While supplies last,All Stores
2026-10-05,Monday,8,Mondays in October,Munchie Monday- 40% off select edibles,Edibles,"Highatus, Emerald Sky, Wyld, Good Tide, Kanha, Plus, Kiva, Petra, Terra, Lost Farm, Camino, Care By Design, AbsoluteXtracts, Dr. Norms, Smokiez, Gelato","Select brands only, restrictions apply, while supplies last",All Stores
2026-10-12,Monday,8,Mondays in October,Munchie Monday- 40% off select edibles,Edibles,"Highatus, Emerald Sky, Wyld, Good Tide, Kanha, Plus, Kiva, Petra, Terra, Lost Farm, Camino, Care By Design, AbsoluteXtracts, Dr. Norms, Smokiez, Gelato","Select brands only, restrictions apply, while supplies last",All Stores
2026-10-19,Monday,8,Mondays in October,Munchie Monday- 40% off select edibles,Edibles,"Highatus, Emerald Sky, Wyld, Good Tide, Kanha, Plus, Kiva, Petra, Terra, Lost Farm, Camino, Care By Design, AbsoluteXtracts, Dr. Norms, Smokiez, Gelato","Select brands only, restrictions apply, while supplies last",All Stores
2026-10-26,Monday,8,Mondays in October,Munchie Monday- 40% off select edibles,Edibles,"Highatus, Emerald Sky, Wyld, Good Tide, Kanha, Plus, Kiva, Petra, Terra, Lost Farm, Camino, Care By Design, AbsoluteXtracts, Dr. Norms, Smokiez, Gelato","Select brands only, restrictions apply, while supplies last",All Stores
2026-10-06,Tuesday,9,Tuesdays in October,West Coast Treez Tuesday- 40% Off,Flower,West Coast Treez,While supplies last,All Stores
2026-10-13,Tuesday,9,Tuesdays in October,West Coast Treez Tuesday- 40% Off,Flower,West Coast Treez,While supplies last,All Stores
2026-10-20,Tuesday,9,Tuesdays in October,West Coast Treez Tuesday- 40% Off,Flower,West Coast Treez,While supplies last,All Stores
2026-10-27,Tuesday,9,Tuesdays in October,West Coast Treez Tuesday- 40% Off,Flower,West Coast Treez,While supplies last,All Stores
2026-10-06,Tuesday,10,Tuesdays in October,Terpy Tuesday- 40% off select concentrates,Concentrates,"Jetty, Buddies, Hashtag, AbsoluteXtracts, Tutti, Cbx, Errl Hill, Flora Terra, Heirbloom, Luci","Select brands only, restrictions apply, while supplies last",All Stores
2026-10-13,Tuesday,10,Tuesdays in October,Terpy Tuesday- 40% off select concentrates,Concentrates,"Jetty, Buddies, Hashtag, AbsoluteXtracts, Tutti, Cbx, Errl Hill, Flora Terra, Heirbloom, Luci","Select brands only, restrictions apply, while supplies last",All Stores
2026-10-20,Tuesday,10,Tuesdays in October,Terpy Tuesday- 40% off select concentrates,Concentrates,"Jetty, Buddies, Hashtag, AbsoluteXtracts, Tutti, Cbx, Errl Hill, Flora Terra, Heirbloom, Luci","Select brands only, restrictions apply, while supplies last",All Stores
2026-10-27,Tuesday,10,Tuesdays in October,Terpy Tuesday- 40% off select concentrates,Concentrates,"Jetty, Buddies, Hashtag, AbsoluteXtracts, Tutti, Cbx, Errl Hill, Flora Terra, Heirbloom, Luci","Select brands only, restrictions apply, while supplies last",All Stores
2026-10-07,Wednesday,11,Wednesdays in October,Roll-Up Wednesday- 40% off select prerolls & preroll packs,"Prerolls, Infused Prerolls, Preroll Packs, Infused Preroll Packs","Daze off, Fig Farms, Selfies, Upnorth, Almora, Raw Garden, Alien Labs, Connected, Maven, Jetty, Sluggers Hit, Birdies, Sunset Connect, CAM, Jeeter, Gelato, Crumbz, Koa","Select brands only, restrictions apply, while supplies last",All Stores
2026-10-14,Wednesday,11,Wednesdays in October,Roll-Up Wednesday- 40% off select prerolls & preroll packs,"Prerolls, Infused Prerolls, Preroll Packs, Infused Preroll Packs","Daze off, Fig Farms, Selfies, Upnorth, Almora, Raw Garden, Alien Labs, Connected, Maven, Jetty, Sluggers Hit, Birdies, Sunset Connect, CAM, Jeeter, Gelato, Crumbz, Koa","Select brands only, restrictions apply, while supplies last",All Stores
2026-10-21,Wednesday,11,Wednesdays in October,Roll-Up Wednesday- 40% off select prerolls & preroll packs,"Prerolls, Infused Prerolls, Preroll Packs, Infused Preroll Packs","Daze off, Fig Farms, Selfies, Upnorth, Almora, Raw Garden, Alien Labs, Connected, Maven, Jetty, Sluggers Hit, Birdies, Sunset Connect, CAM, Jeeter, Gelato, Crumbz, Koa","Select brands only, restrictions apply, while supplies last",All Stores
2026-10-28,Wednesday,11,Wednesdays in October,Roll-Up Wednesday- 40% off select prerolls & preroll packs,"Prerolls, Infused Prerolls, Preroll Packs, Infused Preroll Packs","Daze off, Fig Farms, Selfies, Upnorth, Almora, Raw Garden, Alien Labs, Connected, Maven, Jetty, Sluggers Hit, Birdies, Sunset Connect, CAM, Jeeter, Gelato, Crumbz, Koa","Select brands only, restrictions apply, while supplies last",All Stores
2026-10-01,Thursday,12,Thursdays in October,Thirsty Thursday- 40% off select beverages,Beverages,"The Fizz, Kwik Ease, Cann, Almora, Uncle Arnies, Keef, ST IDES, Pabst, Not Your Fathers","Select brands only, restrictions apply, while supplies last",All Stores
2026-10-08,Thursday,12,Thursdays in October,Thirsty Thursday- 40% off select beverages,Beverages,"The Fizz, Kwik Ease, Cann, Almora, Uncle Arnies, Keef, ST IDES, Pabst, Not Your Fathers","Select brands only, restrictions apply, while supplies last",All Stores
2026-10-15,Thursday,12,Thursdays in October,Thirsty Thursday- 40% off select beverages,Beverages,"The Fizz, Kwik Ease, Cann, Almora, Uncle Arnies, Keef, ST IDES, Pabst, Not Your Fathers","Select brands only, restrictions apply, while supplies last",All Stores
2026-10-22,Thursday,12,Thursdays in October,Thirsty Thursday- 40% off select beverages,Beverages,"The Fizz, Kwik Ease, Cann, Almora, Uncle Arnies, Keef, ST IDES, Pabst, Not Your Fathers","Select brands only, restrictions apply, while supplies last",All Stores
2026-10-29,Thursday,12,Thursdays in October,Thirsty Thursday- 40% off select beverages,Beverages,"The Fizz, Kwik Ease, Cann, Almora, Uncle Arnies, Keef, ST IDES, Pabst, Not Your Fathers","Select brands only, restrictions apply, while supplies last",All Stores
2026-10-02,Friday,13,Fridays In October,Camino Friday- 40% off,Edibles,Camino,While supplies last,All Stores
2026-10-09,Friday,13,Fridays In October,Camino Friday- 40% off,Edibles,Camino,While supplies last,All Stores
2026-10-16,Friday,13,Fridays In October,Camino Friday- 40% off,Edibles,Camino,While supplies last,All Stores
2026-10-23,Friday,13,Fridays In October,Camino Friday- 40% off,Edibles,Camino,While supplies last,All Stores
2026-10-30,Friday,13,Fridays In October,Camino Friday- 40% off,Edibles,Camino,While supplies last,All Stores
2026-10-02,Friday,14,Fridays in October,Flower Friday- 40% off select flower,Flower,"Cam, Cbx, Heirbloom, Daze Off, Fig Farms, Flora Terra, Sense, Upnorth, Alien Labs, Connected, Maven, Bosky, Flora & Flame, Woodstock, Wood Wide, Luci","Select brands only, restrictions apply, while supplies last",All Stores
2026-10-09,Friday,14,Fridays in October,Flower Friday- 40% off select flower,Flower,"Cam, Cbx, Heirbloom, Daze Off, Fig Farms, Flora Terra, Sense, Upnorth, Alien Labs, Connected, Maven, Bosky, Flora & Flame, Woodstock, Wood Wide, Luci","Select brands only, restrictions apply, while supplies last",All Stores
2026-10-16,Friday,14,Fridays in October,Flower Friday- 40% off select flower,Flower,"Cam, Cbx, Heirbloom, Daze Off, Fig Farms, Flora Terra, Sense, Upnorth, Alien Labs, Connected, Maven, Bosky, Flora & Flame, Woodstock, Wood Wide, Luci","Select brands only, restrictions apply, while supplies last",All Stores
2026-10-23,Friday,14,Fridays in October,Flower Friday- 40% off select flower,Flower,"Cam, Cbx, Heirbloom, Daze Off, Fig Farms, Flora Terra, Sense, Upnorth, Alien Labs, Connected, Maven, Bosky, Flora & Flame, Woodstock, Wood Wide, Luci","Select brands only, restrictions apply, while supplies last",All Stores
2026-10-30,Friday,14,Fridays in October,Flower Friday- 40% off select flower,Flower,"Cam, Cbx, Heirbloom, Daze Off, Fig Farms, Flora Terra, Sense, Upnorth, Alien Labs, Connected, Maven, Bosky, Flora & Flame, Woodstock, Wood Wide, Luci","Select brands only, restrictions apply, while supplies last",All Stores
2026-10-03,Saturday,15,Saturdays in October,Lost Farm Saturday- 40% off,Edibles,Lost Farm,While supplies last,All Stores
2026-10-10,Saturday,15,Saturdays in October,Lost Farm Saturday- 40% off,Edibles,Lost Farm,While supplies last,All Stores
2026-10-17,Saturday,15,Saturdays in October,Lost Farm Saturday- 40% off,Edibles,Lost Farm,While supplies last,All Stores
2026-10-24,Saturday,15,Saturdays in October,Lost Farm Saturday- 40% off,Edibles,Lost Farm,While supplies last,All Stores
2026-10-31,Saturday,15,Saturdays in October,Lost Farm Saturday- 40% off,Edibles,Lost Farm,While supplies last,All Stores
2026-10-03,Saturday,16,Saturdays in October,Ready To Rip Saturday- 40% off select vape cartridges & all in ones,"Vape Cartridges, Pods, All In Ones","Care By Design, Halara, Heavy Hitters, Daze off, Jetty, Buddies, AbsoluteXtracts, Plugplay, Papa’s Herb, Connected, Sluggers, Raw Garden, Errl Hill, Jeeter, Gelato","Select brands only, restrictions apply, while supplies last",All Stores
2026-10-10,Saturday,16,Saturdays in October,Ready To Rip Saturday- 40% off select vape cartridges & all in ones,"Vape Cartridges, Pods, All In Ones","Care By Design, Halara, Heavy Hitters, Daze off, Jetty, Buddies, AbsoluteXtracts, Plugplay, Papa’s Herb, Connected, Sluggers, Raw Garden, Errl Hill, Jeeter, Gelato","Select brands only, restrictions apply, while supplies last",All Stores
2026-10-17,Saturday,16,Saturdays in October,Ready To Rip Saturday- 40% off select vape cartridges & all in ones,"Vape Cartridges, Pods, All In Ones","Care By Design, Halara, Heavy Hitters, Daze off, Jetty, Buddies, AbsoluteXtracts, Plugplay, Papa’s Herb, Connected, Sluggers, Raw Garden, Errl Hill, Jeeter, Gelato","Select brands only, restrictions apply, while supplies last",All Stores
2026-10-24,Saturday,16,Saturdays in October,Ready To Rip Saturday- 40% off select vape cartridges & all in ones,"Vape Cartridges, Pods, All In Ones","Care By Design, Halara, Heavy Hitters, Daze off, Jetty, Buddies, AbsoluteXtracts, Plugplay, Papa’s Herb, Connected, Sluggers, Raw Garden, Errl Hill, Jeeter, Gelato","Select brands only, restrictions apply, while supplies last",All Stores
2026-10-31,Saturday,16,Saturdays in October,Ready To Rip Saturday- 40% off select vape cartridges & all in ones,"Vape Cartridges, Pods, All In Ones","Care By Design, Halara, Heavy Hitters, Daze off, Jetty, Buddies, AbsoluteXtracts, Plugplay, Papa’s Herb, Connected, Sluggers, Raw Garden, Errl Hill, Jeeter, Gelato","Select brands only, restrictions apply, while supplies last",All Stores
2026-10-01,Thursday,17,Every Day In October,30% off,All Categories,Stiiizy,While supplies last,All Stores
2026-10-02,Friday,17,Every Day In October,30% off,All Categories,Stiiizy,While supplies last,All Stores
2026-10-03,Saturday,17,Every Day In October,30% off,All Categories,Stiiizy,While supplies last,All Stores
2026-10-04,Sunday,17,Every Day In October,30% off,All Categories,Stiiizy,While supplies last,All Stores
2026-10-05,Monday,17,Every Day In October,30% off,All Categories,Stiiizy,While supplies last,All Stores
2026-10-06,Tuesday,17,Every Day In October,30% off,All Categories,Stiiizy,While supplies last,All Stores
2026-10-07,Wednesday,17,Every Day In October,30% off,All Categories,Stiiizy,While supplies last,All Stores
2026-10-08,Thursday,17,Every Day In October,30% off,All Categories,Stiiizy,While supplies last,All Stores
2026-10-09,Friday,17,Every Day In October,30% off,All Categories,Stiiizy,While supplies last,All Stores
2026-10-10,Saturday,17,Every Day In October,30% off,All Categories,Stiiizy,While supplies last,All Stores
2026-10-11,Sunday,17,Every Day In October,30% off,All Categories,Stiiizy,While supplies last,All Stores
2026-10-12,Monday,17,Every Day In October,30% off,All Categories,Stiiizy,While supplies last,All Stores
2026-10-13,Tuesday,17,Every Day In October,30% off,All Categories,Stiiizy,While supplies last,All Stores
2026-10-14,Wednesday,17,Every Day In October,30% off,All Categories,Stiiizy,While supplies last,All Stores
2026-10-15,Thursday,17,Every Day In October,30% off,All Categories,Stiiizy,While supplies last,All Stores
2026-10-16,Friday,17,Every Day In October,30% off,All Categories,Stiiizy,While supplies last,All Stores
2026-10-17,Saturday,17,Every Day In October,30% off,All Categories,Stiiizy,While supplies last,All Stores
2026-10-18,Sunday,17,Every Day In October,30% off,All Categories,Stiiizy,While supplies last,All Stores
2026-10-19,Monday,17,Every Day In October,30% off,All Categories,Stiiizy,While supplies last,All Stores
2026-10-20,Tuesday,17,Every Day In October,30% off,All Categories,Stiiizy,While supplies last,All Stores
2026-10-21,Wednesday,17,Every Day In October,30% off,All Categories,Stiiizy,While supplies last,All Stores
2026-10-22,Thursday,17,Every Day In October,30% off,All Categories,Stiiizy,While supplies last,All Stores
2026-10-23,Friday,17,Every Day In October,30% off,All Categories,Stiiizy,While supplies last,All Stores
2026-10-24,Saturday,17,Every Day In October,30% off,All Categories,Stiiizy,While supplies last,All Stores
2026-10-25,Sunday,17,Every Day In October,30% off,All Categories,Stiiizy,While supplies last,All Stores
2026-10-26,Monday,17,Every Day In October,30% off,All Categories,Stiiizy,While supplies last,All Stores
2026-10-27,Tuesday,17,Every Day In October,30% off,All Categories,Stiiizy,While supplies last,All Stores
2026-10-28,Wednesday,17,Every Day In October,30% off,All Categories,Stiiizy,While supplies last,All Stores
2026-10-29,Thursday,17,Every Day In October,30% off,All Categories,Stiiizy,While supplies last,All Stores
2026-10-30,Friday,17,Every Day In October,30% off,All Categories,Stiiizy,While supplies last,All Stores
2026-10-31,Saturday,17,Every Day In October,30% off,All Categories,Stiiizy,While supplies last,All Stores
2026-10-01,Thursday,18,Every Day In October,30% off,"Vape Cartridges, All In Ones",Dabwoods,While supplies last,All Stores
2026-10-02,Friday,18,Every Day In October,30% off,"Vape Cartridges, All In Ones",Dabwoods,While supplies last,All Stores
2026-10-03,Saturday,18,Every Day In October,30% off,"Vape Cartridges, All In Ones",Dabwoods,While supplies last,All Stores
2026-10-04,Sunday,18,Every Day In October,30% off,"Vape Cartridges, All In Ones",Dabwoods,While supplies last,All Stores
2026-10-05,Monday,18,Every Day In October,30% off,"Vape Cartridges, All In Ones",Dabwoods,While supplies last,All Stores
2026-10-06,Tuesday,18,Every Day In October,30% off,"Vape Cartridges, All In Ones",Dabwoods,While supplies last,All Stores
2026-10-07,Wednesday,18,Every Day In October,30% off,"Vape Cartridges, All In Ones",Dabwoods,While supplies last,All Stores
2026-10-08,Thursday,18,Every Day In October,30% off,"Vape Cartridges, All In Ones",Dabwoods,While supplies last,All Stores
2026-10-09,Friday,18,Every Day In October,30% off,"Vape Cartridges, All In Ones",Dabwoods,While supplies last,All Stores
2026-10-10,Saturday,18,Every Day In October,30% off,"Vape Cartridges, All In Ones",Dabwoods,While supplies last,All Stores
2026-10-11,Sunday,18,Every Day In October,30% off,"Vape Cartridges, All In Ones",Dabwoods,While supplies last,All Stores
2026-10-12,Monday,18,Every Day In October,30% off,"Vape Cartridges, All In Ones",Dabwoods,While supplies last,All Stores
2026-10-13,Tuesday,18,Every Day In October,30% off,"Vape Cartridges, All In Ones",Dabwoods,While supplies last,All Stores
2026-10-14,Wednesday,18,Every Day In October,30% off,"Vape Cartridges, All In Ones",Dabwoods,While supplies last,All Stores
2026-10-15,Thursday,18,Every Day In October,30% off,"Vape Cartridges, All In Ones",Dabwoods,While supplies last,All Stores
2026-10-16,Friday,18,Every Day In October,30% off,"Vape Cartridges, All In Ones",Dabwoods,While supplies last,All Stores
2026-10-17,Saturday,18,Every Day In October,30% off,"Vape Cartridges, All In Ones",Dabwoods,While supplies last,All Stores
2026-10-18,Sunday,18,Every Day In October,30% off,"Vape Cartridges, All In Ones",Dabwoods,While supplies last,All Stores
2026-10-19,Monday,18,Every Day In October,30% off,"Vape Cartridges, All In Ones",Dabwoods,While supplies last,All Stores
2026-10-20,Tuesday,18,Every Day In October,30% off,"Vape Cartridges, All In Ones",Dabwoods,While supplies last,All Stores
2026-10-21,Wednesday,18,Every Day In October,30% off,"Vape Cartridges, All In Ones",Dabwoods,While supplies last,All Stores
2026-10-22,Thursday,18,Every Day In October,30% off,"Vape Cartridges, All In Ones",Dabwoods,While supplies last,All Stores
2026-10-23,Friday,18,Every Day In October,30% off,"Vape Cartridges, All In Ones",Dabwoods,While supplies last,All Stores
2026-10-24,Saturday,18,Every Day In October,30% off,"Vape Cartridges, All In Ones",Dabwoods,While supplies last,All Stores
2026-10-25,Sunday,18,Every Day In October,30% off,"Vape Cartridges, All In Ones",Dabwoods,While supplies last,All Stores
2026-10-26,Monday,18,Every Day In October,30% off,"Vape Cartridges, All In Ones",Dabwoods,While supplies last,All Stores
2026-10-27,Tuesday,18,Every Day In October,30% off,"Vape Cartridges, All In Ones",Dabwoods,While supplies last,All Stores
2026-10-28,Wednesday,18,Every Day In October,30% off,"Vape Cartridges, All In Ones",Dabwoods,While supplies last,All Stores
2026-10-29,Thursday,18,Every Day In October,30% off,"Vape Cartridges, All In Ones",Dabwoods,While supplies last,All Stores
2026-10-30,Friday,18,Every Day In October,30% off,"Vape Cartridges, All In Ones",Dabwoods,While supplies last,All Stores
2026-10-31,Saturday,18,Every Day In October,30% off,"Vape Cartridges, All In Ones",Dabwoods,While supplies last,All Stores
2026-10-01,Thursday,19,Every Day In October,30% off,"Vape Cartridges, All In Ones, Concentrates",Shaman Extracts,While supplies last,All Stores
2026-10-02,Friday,19,Every Day In October,30% off,"Vape Cartridges, All In Ones, Concentrates",Shaman Extracts,While supplies last,All Stores
2026-10-03,Saturday,19,Every Day In October,30% off,"Vape Cartridges, All In Ones, Concentrates",Shaman Extracts,While supplies last,All Stores
2026-10-04,Sunday,19,Every Day In October,30% off,"Vape Cartridges, All In Ones, Concentrates",Shaman Extracts,While supplies last,All Stores
2026-10-05,Monday,19,Every Day In October,30% off,"Vape Cartridges, All In Ones, Concentrates",Shaman Extracts,While supplies last,All Stores
2026-10-06,Tuesday,19,Every Day In October,30% off,"Vape Cartridges, All In Ones, Concentrates",Shaman Extracts,While supplies last,All Stores
2026-10-07,Wednesday,19,Every Day In October,30% off,"Vape Cartridges, All In Ones, Concentrates",Shaman Extracts,While supplies last,All Stores
2026-10-08,Thursday,19,Every Day In October,30% off,"Vape Cartridges, All In Ones, Concentrates",Shaman Extracts,While supplies last,All Stores
2026-10-09,Friday,19,Every Day In October,30% off,"Vape Cartridges, All In Ones, Concentrates",Shaman Extracts,While supplies last,All Stores
2026-10-10,Saturday,19,Every Day In October,30% off,"Vape Cartridges, All In Ones, Concentrates",Shaman Extracts,While supplies last,All Stores
2026-10-11,Sunday,19,Every Day In October,30% off,"Vape Cartridges, All In Ones, Concentrates",Shaman Extracts,While supplies last,All Stores
2026-10-12,Monday,19,Every Day In October,30% off,"Vape Cartridges, All In Ones, Concentrates",Shaman Extracts,While supplies last,All Stores
2026-10-13,Tuesday,19,Every Day In October,30% off,"Vape Cartridges, All In Ones, Concentrates",Shaman Extracts,While supplies last,All Stores
2026-10-14,Wednesday,19,Every Day In October,30% off,"Vape Cartridges, All In Ones, Concentrates",Shaman Extracts,While supplies last,All Stores
2026-10-15,Thursday,19,Every Day In October,30% off,"Vape Cartridges, All In Ones, Concentrates",Shaman Extracts,While supplies last,All Stores
2026-10-16,Friday,19,Every Day In October,30% off,"Vape Cartridges, All In Ones, Concentrates",Shaman Extracts,While supplies last,All Stores
2026-10-17,Saturday,19,Every Day In October,30% off,"Vape Cartridges, All In Ones, Concentrates",Shaman Extracts,While supplies last,All Stores
2026-10-18,Sunday,19,Every Day In October,30% off,"Vape Cartridges, All In Ones, Concentrates",Shaman Extracts,While supplies last,All Stores
2026-10-19,Monday,19,Every Day In October,30% off,"Vape Cartridges, All In Ones, Concentrates",Shaman Extracts,While supplies last,All Stores
2026-10-20,Tuesday,19,Every Day In October,30% off,"Vape Cartridges, All In Ones, Concentrates",Shaman Extracts,While supplies last,All Stores
2026-10-21,Wednesday,19,Every Day In October,30% off,"Vape Cartridges, All In Ones, Concentrates",Shaman Extracts,While supplies last,All Stores
2026-10-22,Thursday,19,Every Day In October,30% off,"Vape Cartridges, All In Ones, Concentrates",Shaman Extracts,While supplies last,All Stores
2026-10-23,Friday,19,Every Day In October,30% off,"Vape Cartridges, All In Ones, Concentrates",Shaman Extracts,While supplies last,All Stores
2026-10-24,Saturday,19,Every Day In October,30% off,"Vape Cartridges, All In Ones, Concentrates",Shaman Extracts,While supplies last,All Stores
2026-10-25,Sunday,19,Every Day In October,30% off,"Vape Cartridges, All In Ones, Concentrates",Shaman Extracts,While supplies last,All Stores
2026-10-26,Monday,19,Every Day In October,30% off,"Vape Cartridges, All In Ones, Concentrates",Shaman Extracts,While supplies last,All Stores
2026-10-27,Tuesday,19,Every Day In October,30% off,"Vape Cartridges, All In Ones, Concentrates",Shaman Extracts,While supplies last,All Stores
2026-10-28,Wednesday,19,Every Day In October,30% off,"Vape Cartridges, All In Ones, Concentrates",Shaman Extracts,While supplies last,All Stores
2026-10-29,Thursday,19,Every Day In October,30% off,"Vape Cartridges, All In Ones, Concentrates",Shaman Extracts,While supplies last,All Stores
2026-10-30,Friday,19,Every Day In October,30% off,"Vape Cartridges, All In Ones, Concentrates",Shaman Extracts,While supplies last,All Stores
2026-10-31,Saturday,19,Every Day In October,30% off,"Vape Cartridges, All In Ones, Concentrates",Shaman Extracts,While supplies last,All Stores
2026-10-01,Thursday,20,Every Day In October,"Buy 2, Get 1",Vape Cartridges,Punch,While supplies last,All Stores
2026-10-02,Friday,20,Every Day In October,"Buy 2, Get 1",Vape Cartridges,Punch,While supplies last,All Stores
2026-10-03,Saturday,20,Every Day In October,"Buy 2, Get 1",Vape Cartridges,Punch,While supplies last,All Stores
2026-10-04,Sunday,20,Every Day In October,"Buy 2, Get 1",Vape Cartridges,Punch,While supplies last,All Stores
2026-10-05,Monday,20,Every Day In October,"Buy 2, Get 1",Vape Cartridges,Punch,While supplies last,All Stores
2026-10-06,Tuesday,20,Every Day In October,"Buy 2, Get 1",Vape Cartridges,Punch,While supplies last,All Stores
2026-10-07,Wednesday,20,Every Day In October,"Buy 2, Get 1",Vape Cartridges,Punch,While supplies last,All Stores
2026-10-08,Thursday,20,Every Day In October,"Buy 2, Get 1",Vape Cartridges,Punch,While supplies last,All Stores
2026-10-09,Friday,20,Every Day In October,"Buy 2, Get 1",Vape Cartridges,Punch,While supplies last,All Stores
2026-10-10,Saturday,20,Every Day In October,"Buy 2, Get 1",Vape Cartridges,Punch,While supplies last,All Stores
2026-10-11,Sunday,20,Every Day In October,"Buy 2, Get 1",Vape Cartridges,Punch,While supplies last,All Stores
2026-10-12,Monday,20,Every Day In October,"Buy 2, Get 1",Vape Cartridges,Punch,While supplies last,All Stores
2026-10-13,Tuesday,20,Every Day In October,"Buy 2, Get 1",Vape Cartridges,Punch,While supplies last,All Stores
2026-10-14,Wednesday,20,Every Day In October,"Buy 2, Get 1",Vape Cartridges,Punch,While supplies last,All Stores
2026-10-15,Thursday,20,Every Day In October,"Buy 2, Get 1",Vape Cartridges,Punch,While supplies last,All Stores
2026-10-16,Friday,20,Every Day In October,"Buy 2, Get 1",Vape Cartridges,Punch,While supplies last,All Stores
2026-10-17,Saturday,20,Every Day In October,"Buy 2, Get 1",Vape Cartridges,Punch,While supplies last,All Stores
2026-10-18,Sunday,20,Every Day In October,"Buy 2, Get 1",Vape Cartridges,Punch,While supplies last,All Stores
2026-10-19,Monday,20,Every Day In October,"Buy 2, Get 1",Vape Cartridges,Punch,While supplies last,All Stores
2026-10-20,Tuesday,20,Every Day In October,"Buy 2, Get 1",Vape Cartridges,Punch,While supplies last,All Stores
2026-10-21,Wednesday,20,Every Day In October,"Buy 2, Get 1",Vape Cartridges,Punch,While supplies last,All Stores
2026-10-22,Thursday,20,Every Day In October,"Buy 2, Get 1",Vape Cartridges,Punch,While supplies last,All Stores
2026-10-23,Friday,20,Every Day In October,"Buy 2, Get 1",Vape Cartridges,Punch,While supplies last,All Stores
2026-10-24,Saturday,20,Every Day In October,"Buy 2, Get 1",Vape Cartridges,Punch,While supplies last,All Stores
2026-10-25,Sunday,20,Every Day In October,"Buy 2, Get 1",Vape Cartridges,Punch,While supplies last,All Stores
2026-10-26,Monday,20,Every Day In October,"Buy 2, Get 1",Vape Cartridges,Punch,While supplies last,All Stores
2026-10-27,Tuesday,20,Every Day In October,"Buy 2, Get 1",Vape Cartridges,Punch,While supplies last,All Stores
2026-10-28,Wednesday,20,Every Day In October,"Buy 2, Get 1",Vape Cartridges,Punch,While supplies last,All Stores
2026-10-29,Thursday,20,Every Day In October,"Buy 2, Get 1",Vape Cartridges,Punch,While supplies last,All Stores
2026-10-30,Friday,20,Every Day In October,"Buy 2, Get 1",Vape Cartridges,Punch,While supplies last,All Stores
2026-10-31,Saturday,20,Every Day In October,"Buy 2, Get 1",Vape Cartridges,Punch,While supplies last,All Stores
2026-10-01,Thursday,21,Every Day In October,10% off,Rosin All In Ones,Punch,While supplies last,All Stores
2026-10-02,Friday,21,Every Day In October,10% off,Rosin All In Ones,Punch,While supplies last,All Stores
2026-10-03,Saturday,21,Every Day In October,10% off,Rosin All In Ones,Punch,While supplies last,All Stores
2026-10-04,Sunday,21,Every Day In October,10% off,Rosin All In Ones,Punch,While supplies last,All Stores
2026-10-05,Monday,21,Every Day In October,10% off,Rosin All In Ones,Punch,While supplies last,All Stores
2026-10-06,Tuesday,21,Every Day In October,10% off,Rosin All In Ones,Punch,While supplies last,All Stores
2026-10-07,Wednesday,21,Every Day In October,10% off,Rosin All In Ones,Punch,While supplies last,All Stores
2026-10-08,Thursday,21,Every Day In October,10% off,Rosin All In Ones,Punch,While supplies last,All Stores
2026-10-09,Friday,21,Every Day In October,10% off,Rosin All In Ones,Punch,While supplies last,All Stores
2026-10-10,Saturday,21,Every Day In October,10% off,Rosin All In Ones,Punch,While supplies last,All Stores
2026-10-11,Sunday,21,Every Day In October,10% off,Rosin All In Ones,Punch,While supplies last,All Stores
2026-10-12,Monday,21,Every Day In October,10% off,Rosin All In Ones,Punch,While supplies last,All Stores
2026-10-13,Tuesday,21,Every Day In October,10% off,Rosin All In Ones,Punch,While supplies last,All Stores
2026-10-14,Wednesday,21,Every Day In October,10% off,Rosin All In Ones,Punch,While supplies last,All Stores
2026-10-15,Thursday,21,Every Day In October,10% off,Rosin All In Ones,Punch,While supplies last,All Stores
2026-10-16,Friday,21,Every Day In October,10% off,Rosin All In Ones,Punch,While supplies last,All Stores
2026-10-17,Saturday,21,Every Day In October,10% off,Rosin All In Ones,Punch,While supplies last,All Stores
2026-10-18,Sunday,21,Every Day In October,10% off,Rosin All In Ones,Punch,While supplies last,All Stores
2026-10-19,Monday,21,Every Day In October,10% off,Rosin All In Ones,Punch,While supplies last,All Stores
2026-10-20,Tuesday,21,Every Day In October,10% off,Rosin All In Ones,Punch,While supplies last,All Stores
2026-10-21,Wednesday,21,Every Day In October,10% off,Rosin All In Ones,Punch,While supplies last,All Stores
2026-10-22,Thursday,21,Every Day In October,10% off,Rosin All In Ones,Punch,While supplies last,All Stores
2026-10-23,Friday,21,Every Day In October,10% off,Rosin All In Ones,Punch,While supplies last,All Stores
2026-10-24,Saturday,21,Every Day In October,10% off,Rosin All In Ones,Punch,While supplies last,All Stores
2026-10-25,Sunday,21,Every Day In October,10% off,Rosin All In Ones,Punch,While supplies last,All Stores
2026-10-26,Monday,21,Every Day In October,10% off,Rosin All In Ones,Punch,While supplies last,All Stores
2026-10-27,Tuesday,21,Every Day In October,10% off,Rosin All In Ones,Punch,While supplies last,All Stores
2026-10-28,Wednesday,21,Every Day In October,10% off,Rosin All In Ones,Punch,While supplies last,All Stores
2026-10-29,Thursday,21,Every Day In October,10% off,Rosin All In Ones,Punch,While supplies last,All Stores
2026-10-30,Friday,21,Every Day In October,10% off,Rosin All In Ones,Punch,While supplies last,All Stores
2026-10-31,Saturday,21,Every Day In October,10% off,Rosin All In Ones,Punch,While supplies last,All Stores
2026-10-01,Thursday,22,Every Day In October,"Buy 2, Get 1",Vape Cartridges,Quiet Kings,While supplies last,All Stores
2026-10-02,Friday,22,Every Day In October,"Buy 2, Get 1",Vape Cartridges,Quiet Kings,While supplies last,All Stores
2026-10-03,Saturday,22,Every Day In October,"Buy 2, Get 1",Vape Cartridges,Quiet Kings,While supplies last,All Stores
2026-10-04,Sunday,22,Every Day In October,"Buy 2, Get 1",Vape Cartridges,Quiet Kings,While supplies last,All Stores
2026-10-05,Monday,22,Every Day In October,"Buy 2, Get 1",Vape Cartridges,Quiet Kings,While supplies last,All Stores
2026-10-06,Tuesday,22,Every Day In October,"Buy 2, Get 1",Vape Cartridges,Quiet Kings,While supplies last,All Stores
2026-10-07,Wednesday,22,Every Day In October,"Buy 2, Get 1",Vape Cartridges,Quiet Kings,While supplies last,All Stores
2026-10-08,Thursday,22,Every Day In October,"Buy 2, Get 1",Vape Cartridges,Quiet Kings,While supplies last,All Stores
2026-10-09,Friday,22,Every Day In October,"Buy 2, Get 1",Vape Cartridges,Quiet Kings,While supplies last,All Stores
2026-10-10,Saturday,22,Every Day In October,"Buy 2, Get 1",Vape Cartridges,Quiet Kings,While supplies last,All Stores
2026-10-11,Sunday,22,Every Day In October,"Buy 2, Get 1",Vape Cartridges,Quiet Kings,While supplies last,All Stores
2026-10-12,Monday,22,Every Day In October,"Buy 2, Get 1",Vape Cartridges,Quiet Kings,While supplies last,All Stores
2026-10-13,Tuesday,22,Every Day In October,"Buy 2, Get 1",Vape Cartridges,Quiet Kings,While supplies last,All Stores
2026-10-14,Wednesday,22,Every Day In October,"Buy 2, Get 1",Vape Cartridges,Quiet Kings,While supplies last,All Stores
2026-10-15,Thursday,22,Every Day In October,"Buy 2, Get 1",Vape Cartridges,Quiet Kings,While supplies last,All Stores
2026-10-16,Friday,22,Every Day In October,"Buy 2, Get 1",Vape Cartridges,Quiet Kings,While supplies last,All Stores
2026-10-17,Saturday,22,Every Day In October,"Buy 2, Get 1",Vape Cartridges,Quiet Kings,While supplies last,All Stores
2026-10-18,Sunday,22,Every Day In October,"Buy 2, Get 1",Vape Cartridges,Quiet Kings,While supplies last,All Stores
2026-10-19,Monday,22,Every Day In October,"Buy 2, Get 1",Vape Cartridges,Quiet Kings,While supplies last,All Stores
2026-10-20,Tuesday,22,Every Day In October,"Buy 2, Get 1",Vape Cartridges,Quiet Kings,While supplies last,All Stores
2026-10-21,Wednesday,22,Every Day In October,"Buy 2, Get 1",Vape Cartridges,Quiet Kings,While supplies last,All Stores
2026-10-22,Thursday,22,Every Day In October,"Buy 2, Get 1",Vape Cartridges,Quiet Kings,While supplies last,All Stores
2026-10-23,Friday,22,Every Day In October,"Buy 2, Get 1",Vape Cartridges,Quiet Kings,While supplies last,All Stores
2026-10-24,Saturday,22,Every Day In October,"Buy 2, Get 1",Vape Cartridges,Quiet Kings,While supplies last,All Stores
2026-10-25,Sunday,22,Every Day In October,"Buy 2, Get 1",Vape Cartridges,Quiet Kings,While supplies last,All Stores
2026-10-26,Monday,22,Every Day In October,"Buy 2, Get 1",Vape Cartridges,Quiet Kings,While supplies last,All Stores
2026-10-27,Tuesday,22,Every Day In October,"Buy 2, Get 1",Vape Cartridges,Quiet Kings,While supplies last,All Stores
2026-10-28,Wednesday,22,Every Day In October,"Buy 2, Get 1",Vape Cartridges,Quiet Kings,While supplies last,All Stores
2026-10-29,Thursday,22,Every Day In October,"Buy 2, Get 1",Vape Cartridges,Quiet Kings,While supplies last,All Stores
2026-10-30,Friday,22,Every Day In October,"Buy 2, Get 1",Vape Cartridges,Quiet Kings,While supplies last,All Stores
2026-10-31,Saturday,22,Every Day In October,"Buy 2, Get 1",Vape Cartridges,Quiet Kings,While supplies last,All Stores
2026-10-01,Thursday,23,Every Day In October,"Buy 2, Get 1","Vape Cartridges, Concentrates",Himalaya,While supplies last,All Stores
2026-10-02,Friday,23,Every Day In October,"Buy 2, Get 1","Vape Cartridges, Concentrates",Himalaya,While supplies last,All Stores
2026-10-03,Saturday,23,Every Day In October,"Buy 2, Get 1","Vape Cartridges, Concentrates",Himalaya,While supplies last,All Stores
2026-10-04,Sunday,23,Every Day In October,"Buy 2, Get 1","Vape Cartridges, Concentrates",Himalaya,While supplies last,All Stores
2026-10-05,Monday,23,Every Day In October,"Buy 2, Get 1","Vape Cartridges, Concentrates",Himalaya,While supplies last,All Stores
2026-10-06,Tuesday,23,Every Day In October,"Buy 2, Get 1","Vape Cartridges, Concentrates",Himalaya,While supplies last,All Stores
2026-10-07,Wednesday,23,Every Day In October,"Buy 2, Get 1","Vape Cartridges, Concentrates",Himalaya,While supplies last,All Stores
2026-10-08,Thursday,23,Every Day In October,"Buy 2, Get 1","Vape Cartridges, Concentrates",Himalaya,While supplies last,All Stores
2026-10-09,Friday,23,Every Day In October,"Buy 2, Get 1","Vape Cartridges, Concentrates",Himalaya,While supplies last,All Stores
2026-10-10,Saturday,23,Every Day In October,"Buy 2, Get 1","Vape Cartridges, Concentrates",Himalaya,While supplies last,All Stores
2026-10-11,Sunday,23,Every Day In October,"Buy 2, Get 1","Vape Cartridges, Concentrates",Himalaya,While supplies last,All Stores
2026-10-12,Monday,23,Every Day In October,"Buy 2, Get 1","Vape Cartridges, Concentrates",Himalaya,While supplies last,All Stores
2026-10-13,Tuesday,23,Every Day In October,"Buy 2, Get 1","Vape Cartridges, Concentrates",Himalaya,While supplies last,All Stores
2026-10-14,Wednesday,23,Every Day In October,"Buy 2, Get 1","Vape Cartridges, Concentrates",Himalaya,While supplies last,All Stores
2026-10-15,Thursday,23,Every Day In October,"Buy 2, Get 1","Vape Cartridges, Concentrates",Himalaya,While supplies last,All Stores
2026-10-16,Friday,23,Every Day In October,"Buy 2, Get 1","Vape Cartridges, Concentrates",Himalaya,While supplies last,All Stores
2026-10-17,Saturday,23,Every Day In October,"Buy 2, Get 1","Vape Cartridges, Concentrates",Himalaya,While supplies last,All Stores
2026-10-18,Sunday,23,Every Day In October,"Buy 2, Get 1","Vape Cartridges, Concentrates",Himalaya,While supplies last,All Stores
2026-10-19,Monday,23,Every Day In October,"Buy 2, Get 1","Vape Cartridges, Concentrates",Himalaya,While supplies last,All Stores
2026-10-20,Tuesday,23,Every Day In October,"Buy 2, Get 1","Vape Cartridges, Concentrates",Himalaya,While supplies last,All Stores
2026-10-21,Wednesday,23,Every Day In October,"Buy 2, Get 1","Vape Cartridges, Concentrates",Himalaya,While supplies last,All Stores
2026-10-22,Thursday,23,Every Day In October,"Buy 2, Get 1","Vape Cartridges, Concentrates",Himalaya,While supplies last,All Stores
2026-10-23,Friday,23,Every Day In October,"Buy 2, Get 1","Vape Cartridges, Concentrates",Himalaya,While supplies last,All Stores
2026-10-24,Saturday,23,Every Day In October,"Buy 2, Get 1","Vape Cartridges, Concentrates",Himalaya,While supplies last,All Stores
2026-10-25,Sunday,23,Every Day In October,"Buy 2, Get 1","Vape Cartridges, Concentrates",Himalaya,While supplies last,All Stores
2026-10-26,Monday,23,Every Day In October,"Buy 2, Get 1","Vape Cartridges, Concentrates",Himalaya,While supplies last,All Stores
2026-10-27,Tuesday,23,Every Day In October,"Buy 2, Get 1","Vape Cartridges, Concentrates",Himalaya,While supplies last,All Stores
2026-10-28,Wednesday,23,Every Day In October,"Buy 2, Get 1","Vape Cartridges, Concentrates",Himalaya,While supplies last,All Stores
2026-10-29,Thursday,23,Every Day In October,"Buy 2, Get 1","Vape Cartridges, Concentrates",Himalaya,While supplies last,All Stores
2026-10-30,Friday,23,Every Day In October,"Buy 2, Get 1","Vape Cartridges, Concentrates",Himalaya,While supplies last,All Stores
2026-10-31,Saturday,23,Every Day In October,"Buy 2, Get 1","Vape Cartridges, Concentrates",Himalaya,While supplies last,All Stores
2026-10-01,Thursday,24,Every Day In October,"Buy 2, Get 1",Vape Cartridges,Highrise,While supplies last,All Stores
2026-10-02,Friday,24,Every Day In October,"Buy 2, Get 1",Vape Cartridges,Highrise,While supplies last,All Stores
2026-10-03,Saturday,24,Every Day In October,"Buy 2, Get 1",Vape Cartridges,Highrise,While supplies last,All Stores
2026-10-04,Sunday,24,Every Day In October,"Buy 2, Get 1",Vape Cartridges,Highrise,While supplies last,All Stores
2026-10-05,Monday,24,Every Day In October,"Buy 2, Get 1",Vape Cartridges,Highrise,While supplies last,All Stores
2026-10-06,Tuesday,24,Every Day In October,"Buy 2, Get 1",Vape Cartridges,Highrise,While supplies last,All Stores
2026-10-07,Wednesday,24,Every Day In October,"Buy 2, Get 1",Vape Cartridges,Highrise,While supplies last,All Stores
2026-10-08,Thursday,24,Every Day In October,"Buy 2, Get 1",Vape Cartridges,Highrise,While supplies last,All Stores
2026-10-09,Friday,24,Every Day In October,"Buy 2, Get 1",Vape Cartridges,Highrise,While supplies last,All Stores
2026-10-10,Saturday,24,Every Day In October,"Buy 2, Get 1",Vape Cartridges,Highrise,While supplies last,All Stores
2026-10-11,Sunday,24,Every Day In October,"Buy 2, Get 1",Vape Cartridges,Highrise,While supplies last,All Stores
2026-10-12,Monday,24,Every Day In October,"Buy 2, Get 1",Vape Cartridges,Highrise,While supplies last,All Stores
2026-10-13,Tuesday,24,Every Day In October,"Buy 2, Get 1",Vape Cartridges,Highrise,While supplies last,All Stores
2026-10-14,Wednesday,24,Every Day In October,"Buy 2, Get 1",Vape Cartridges,Highrise,While supplies last,All Stores
2026-10-15,Thursday,24,Every Day In October,"Buy 2, Get 1",Vape Cartridges,Highrise,While supplies last,All Stores
2026-10-16,Friday,24,Every Day In October,"Buy 2, Get 1",Vape Cartridges,Highrise,While supplies last,All Stores
2026-10-17,Saturday,24,Every Day In October,"Buy 2, Get 1",Vape Cartridges,Highrise,While supplies last,All Stores
2026-10-18,Sunday,24,Every Day In October,"Buy 2, Get 1",Vape Cartridges,Highrise,While supplies last,All Stores
2026-10-19,Monday,24,Every Day In October,"Buy 2, Get 1",Vape Cartridges,Highrise,While supplies last,All Stores
2026-10-20,Tuesday,24,Every Day In October,"Buy 2, Get 1",Vape Cartridges,Highrise,While supplies last,All Stores
2026-10-21,Wednesday,24,Every Day In October,"Buy 2, Get 1",Vape Cartridges,Highrise,While supplies last,All Stores
2026-10-22,Thursday,24,Every Day In October,"Buy 2, Get 1",Vape Cartridges,Highrise,While supplies last,All Stores
2026-10-23,Friday,24,Every Day In October,"Buy 2, Get 1",Vape Cartridges,Highrise,While supplies last,All Stores
2026-10-24,Saturday,24,Every Day In October,"Buy 2, Get 1",Vape Cartridges,Highrise,While supplies last,All Stores
2026-10-25,Sunday,24,Every Day In October,"Buy 2, Get 1",Vape Cartridges,Highrise,While supplies last,All Stores
2026-10-26,Monday,24,Every Day In October,"Buy 2, Get 1",Vape Cartridges,Highrise,While supplies last,All Stores
2026-10-27,Tuesday,24,Every Day In October,"Buy 2, Get 1",Vape Cartridges,Highrise,While supplies last,All Stores
2026-10-28,Wednesday,24,Every Day In October,"Buy 2, Get 1",Vape Cartridges,Highrise,While supplies last,All Stores
2026-10-29,Thursday,24,Every Day In October,"Buy 2, Get 1",Vape Cartridges,Highrise,While supplies last,All Stores
2026-10-30,Friday,24,Every Day In October,"Buy 2, Get 1",Vape Cartridges,Highrise,While supplies last,All Stores
2026-10-31,Saturday,24,Every Day In October,"Buy 2, Get 1",Vape Cartridges,Highrise,While supplies last,All Stores
2026-10-01,Thursday,25,Every Day In October,Flora Terra 14g Mix & Match - Save $10 when you buy 2 Flora Terra 14g,14g Flower,Flora Terra,"While supplies last, Excludes clearance",All Stores
2026-10-02,Friday,25,Every Day In October,Flora Terra 14g Mix & Match - Save $10 when you buy 2 Flora Terra 14g,14g Flower,Flora Terra,"While supplies last, Excludes clearance",All Stores
2026-10-03,Saturday,25,Every Day In October,Flora Terra 14g Mix & Match - Save $10 when you buy 2 Flora Terra 14g,14g Flower,Flora Terra,"While supplies last, Excludes clearance",All Stores
2026-10-04,Sunday,25,Every Day In October,Flora Terra 14g Mix & Match - Save $10 when you buy 2 Flora Terra 14g,14g Flower,Flora Terra,"While supplies last, Excludes clearance",All Stores
2026-10-05,Monday,25,Every Day In October,Flora Terra 14g Mix & Match - Save $10 when you buy 2 Flora Terra 14g,14g Flower,Flora Terra,"While supplies last, Excludes clearance",All Stores
2026-10-06,Tuesday,25,Every Day In October,Flora Terra 14g Mix & Match - Save $10 when you buy 2 Flora Terra 14g,14g Flower,Flora Terra,"While supplies last, Excludes clearance",All Stores
2026-10-07,Wednesday,25,Every Day In October,Flora Terra 14g Mix & Match - Save $10 when you buy 2 Flora Terra 14g,14g Flower,Flora Terra,"While supplies last, Excludes clearance",All Stores
2026-10-08,Thursday,25,Every Day In October,Flora Terra 14g Mix & Match - Save $10 when you buy 2 Flora Terra 14g,14g Flower,Flora Terra,"While supplies last, Excludes clearance",All Stores
2026-10-09,Friday,25,Every Day In October,Flora Terra 14g Mix & Match - Save $10 when you buy 2 Flora Terra 14g,14g Flower,Flora Terra,"While supplies last, Excludes clearance",All Stores
2026-10-10,Saturday,25,Every Day In October,Flora Terra 14g Mix & Match - Save $10 when you buy 2 Flora Terra 14g,14g Flower,Flora Terra,"While supplies last, Excludes clearance",All Stores
2026-10-11,Sunday,25,Every Day In October,Flora Terra 14g Mix & Match - Save $10 when you buy 2 Flora Terra 14g,14g Flower,Flora Terra,"While supplies last, Excludes clearance",All Stores
2026-10-12,Monday,25,Every Day In October,Flora Terra 14g Mix & Match - Save $10 when you buy 2 Flora Terra 14g,14g Flower,Flora Terra,"While supplies last, Excludes clearance",All Stores
2026-10-13,Tuesday,25,Every Day In October,Flora Terra 14g Mix & Match - Save $10 when you buy 2 Flora Terra 14g,14g Flower,Flora Terra,"While supplies last, Excludes clearance",All Stores
2026-10-14,Wednesday,25,Every Day In October,Flora Terra 14g Mix & Match - Save $10 when you buy 2 Flora Terra 14g,14g Flower,Flora Terra,"While supplies last, Excludes clearance",All Stores
2026-10-15,Thursday,25,Every Day In October,Flora Terra 14g Mix & Match - Save $10 when you buy 2 Flora Terra 14g,14g Flower,Flora Terra,"While supplies last, Excludes clearance",All Stores
2026-10-16,Friday,25,Every Day In October,Flora Terra 14g Mix & Match - Save $10 when you buy 2 Flora Terra 14g,14g Flower,Flora Terra,"While supplies last, Excludes clearance",All Stores
2026-10-17,Saturday,25,Every Day In October,Flora Terra 14g Mix & Match - Save $10 when you buy 2 Flora Terra 14g,14g Flower,Flora Terra,"While supplies last, Excludes clearance",All Stores
2026-10-18,Sunday,25,Every Day In October,Flora Terra 14g Mix & Match - Save $10 when you buy 2 Flora Terra 14g,14g Flower,Flora Terra,"While supplies last, Excludes clearance",All Stores
2026-10-19,Monday,25,Every Day In October,Flora Terra 14g Mix & Match - Save $10 when you buy 2 Flora Terra 14g,14g Flower,Flora Terra,"While supplies last, Excludes clearance",All Stores
2026-10-20,Tuesday,25,Every Day In October,Flora Terra 14g Mix & Match - Save $10 when you buy 2 Flora Terra 14g,14g Flower,Flora Terra,"While supplies last, Excludes clearance",All Stores
2026-10-21,Wednesday,25,Every Day In October,Flora Terra 14g Mix & Match - Save $10 when you buy 2 Flora Terra 14g,14g Flower,Flora Terra,"While supplies last, Excludes clearance",All Stores
2026-10-22,Thursday,25,Every Day In October,Flora Terra 14g Mix & Match - Save $10 when you buy 2 Flora Terra 14g,14g Flower,Flora Terra,"While supplies last, Excludes clearance",All Stores
2026-10-23,Friday,25,Every Day In October,Flora Terra 14g Mix & Match - Save $10 when you buy 2 Flora Terra 14g,14g Flower,Flora Terra,"While supplies last, Excludes clearance",All Stores
2026-10-24,Saturday,25,Every Day In October,Flora Terra 14g Mix & Match - Save $10 when you buy 2 Flora Terra 14g,14g Flower,Flora Terra,"While supplies last, Excludes clearance",All Stores
2026-10-25,Sunday,25,Every Day In October,Flora Terra 14g Mix & Match - Save $10 when you buy 2 Flora Terra 14g,14g Flower,Flora Terra,"While supplies last, Excludes clearance",All Stores
2026-10-26,Monday,25,Every Day In October,Flora Terra 14g Mix & Match - Save $10 when you buy 2 Flora Terra 14g,14g Flower,Flora Terra,"While supplies last, Excludes clearance",All Stores
2026-10-27,Tuesday,25,Every Day In October,Flora Terra 14g Mix & Match - Save $10 when you buy 2 Flora Terra 14g,14g Flower,Flora Terra,"While supplies last, Excludes clearance",All Stores
2026-10-28,Wednesday,25,Every Day In October,Flora Terra 14g Mix & Match - Save $10 when you buy 2 Flora Terra 14g,14g Flower,Flora Terra,"While supplies last, Excludes clearance",All Stores
2026-10-29,Thursday,25,Every Day In October,Flora Terra 14g Mix & Match - Save $10 when you buy 2 Flora Terra 14g,14g Flower,Flora Terra,"While supplies last, Excludes clearance",All Stores
2026-10-30,Friday,25,Every Day In October,Flora Terra 14g Mix & Match - Save $10 when you buy 2 Flora Terra 14g,14g Flower,Flora Terra,"While supplies last, Excludes clearance",All Stores
2026-10-31,Saturday,25,Every Day In October,Flora Terra 14g Mix & Match - Save $10 when you buy 2 Flora Terra 14g,14g Flower,Flora Terra,"While supplies last, Excludes clearance",All Stores
2026-10-01,Thursday,26,Every Day In October,Flora Terra 7g Mix & Match - Buy 2 Flora Terra 7g for the price of the 14g,7g Flower,Flora Terra,"While supplies last, Excludes clearance",All Stores
2026-10-02,Friday,26,Every Day In October,Flora Terra 7g Mix & Match - Buy 2 Flora Terra 7g for the price of the 14g,7g Flower,Flora Terra,"While supplies last, Excludes clearance",All Stores
2026-10-03,Saturday,26,Every Day In October,Flora Terra 7g Mix & Match - Buy 2 Flora Terra 7g for the price of the 14g,7g Flower,Flora Terra,"While supplies last, Excludes clearance",All Stores
2026-10-04,Sunday,26,Every Day In October,Flora Terra 7g Mix & Match - Buy 2 Flora Terra 7g for the price of the 14g,7g Flower,Flora Terra,"While supplies last, Excludes clearance",All Stores
2026-10-05,Monday,26,Every Day In October,Flora Terra 7g Mix & Match - Buy 2 Flora Terra 7g for the price of the 14g,7g Flower,Flora Terra,"While supplies last, Excludes clearance",All Stores
2026-10-06,Tuesday,26,Every Day In October,Flora Terra 7g Mix & Match - Buy 2 Flora Terra 7g for the price of the 14g,7g Flower,Flora Terra,"While supplies last, Excludes clearance",All Stores
2026-10-07,Wednesday,26,Every Day In October,Flora Terra 7g Mix & Match - Buy 2 Flora Terra 7g for the price of the 14g,7g Flower,Flora Terra,"While supplies last, Excludes clearance",All Stores
2026-10-08,Thursday,26,Every Day In October,Flora Terra 7g Mix & Match - Buy 2 Flora Terra 7g for the price of the 14g,7g Flower,Flora Terra,"While supplies last, Excludes clearance",All Stores
2026-10-09,Friday,26,Every Day In October,Flora Terra 7g Mix & Match - Buy 2 Flora Terra 7g for the price of the 14g,7g Flower,Flora Terra,"While supplies last, Excludes clearance",All Stores
2026-10-10,Saturday,26,Every Day In October,Flora Terra 7g Mix & Match - Buy 2 Flora Terra 7g for the price of the 14g,7g Flower,Flora Terra,"While supplies last, Excludes clearance",All Stores
2026-10-11,Sunday,26,Every Day In October,Flora Terra 7g Mix & Match - Buy 2 Flora Terra 7g for the price of the 14g,7g Flower,Flora Terra,"While supplies last, Excludes clearance",All Stores
2026-10-12,Monday,26,Every Day In October,Flora Terra 7g Mix & Match - Buy 2 Flora Terra 7g for the price of the 14g,7g Flower,Flora Terra,"While supplies last, Excludes clearance",All Stores
2026-10-13,Tuesday,26,Every Day In October,Flora Terra 7g Mix & Match - Buy 2 Flora Terra 7g for the price of the 14g,7g Flower,Flora Terra,"While supplies last, Excludes clearance",All Stores
2026-10-14,Wednesday,26,Every Day In October,Flora Terra 7g Mix & Match - Buy 2 Flora Terra 7g for the price of the 14g,7g Flower,Flora Terra,"While supplies last, Excludes clearance",All Stores
2026-10-15,Thursday,26,Every Day In October,Flora Terra 7g Mix & Match - Buy 2 Flora Terra 7g for the price of the 14g,7g Flower,Flora Terra,"While supplies last, Excludes clearance",All Stores
2026-10-16,Friday,26,Every Day In October,Flora Terra 7g Mix & Match - Buy 2 Flora Terra 7g for the price of the 14g,7g Flower,Flora Terra,"While supplies last, Excludes clearance",All Stores
2026-10-17,Saturday,26,Every Day In October,Flora Terra 7g Mix & Match - Buy 2 Flora Terra 7g for the price of the 14g,7g Flower,Flora Terra,"While supplies last, Excludes clearance",All Stores
2026-10-18,Sunday,26,Every Day In October,Flora Terra 7g Mix & Match - Buy 2 Flora Terra 7g for the price of the 14g,7g Flower,Flora Terra,"While supplies last, Excludes clearance",All Stores
2026-10-19,Monday,26,Every Day In October,Flora Terra 7g Mix & Match - Buy 2 Flora Terra 7g for the price of the 14g,7g Flower,Flora Terra,"While supplies last, Excludes clearance",All Stores
2026-10-20,Tuesday,26,Every Day In October,Flora Terra 7g Mix & Match - Buy 2 Flora Terra 7g for the price of the 14g,7g Flower,Flora Terra,"While supplies last, Excludes clearance",All Stores
2026-10-21,Wednesday,26,Every Day In October,Flora Terra 7g Mix & Match - Buy 2 Flora Terra 7g for the price of the 14g,7g Flower,Flora Terra,"While supplies last, Excludes clearance",All Stores
2026-10-22,Thursday,26,Every Day In October,Flora Terra 7g Mix & Match - Buy 2 Flora Terra 7g for the price of the 14g,7g Flower,Flora Terra,"While supplies last, Excludes clearance",All Stores
2026-10-23,Friday,26,Every Day In October,Flora Terra 7g Mix & Match - Buy 2 Flora Terra 7g for the price of the 14g,7g Flower,Flora Terra,"While supplies last, Excludes clearance",All Stores
2026-10-24,Saturday,26,Every Day In October,Flora Terra 7g Mix & Match - Buy 2 Flora Terra 7g for the price of the 14g,7g Flower,Flora Terra,"While supplies last, Excludes clearance",All Stores
2026-10-25,Sunday,26,Every Day In October,Flora Terra 7g Mix & Match - Buy 2 Flora Terra 7g for the price of the 14g,7g Flower,Flora Terra,"While supplies last, Excludes clearance",All Stores
2026-10-26,Monday,26,Every Day In October,Flora Terra 7g Mix & Match - Buy 2 Flora Terra 7g for the price of the 14g,7g Flower,Flora Terra,"While supplies last, Excludes clearance",All Stores
2026-10-27,Tuesday,26,Every Day In October,Flora Terra 7g Mix & Match - Buy 2 Flora Terra 7g for the price of the 14g,7g Flower,Flora Terra,"While supplies last, Excludes clearance",All Stores
2026-10-28,Wednesday,26,Every Day In October,Flora Terra 7g Mix & Match - Buy 2 Flora Terra 7g for the price of the 14g,7g Flower,Flora Terra,"While supplies last, Excludes clearance",All Stores
2026-10-29,Thursday,26,Every Day In October,Flora Terra 7g Mix & Match - Buy 2 Flora Terra 7g for the price of the 14g,7g Flower,Flora Terra,"While supplies last, Excludes clearance",All Stores
2026-10-30,Friday,26,Every Day In October,Flora Terra 7g Mix & Match - Buy 2 Flora Terra 7g for the price of the 14g,7g Flower,Flora Terra,"While supplies last, Excludes clearance",All Stores
2026-10-31,Saturday,26,Every Day In October,Flora Terra 7g Mix & Match - Buy 2 Flora Terra 7g for the price of the 14g,7g Flower,Flora Terra,"While supplies last, Excludes clearance",All Stores
2026-10-01,Thursday,27,Every Day In October,Flora Terra 3.5g - Buy 3 Flora Terra 3.5g for $50,3.5g Flower,Flora Terra,"While supplies last, Excludes clearance",All Stores
2026-10-02,Friday,27,Every Day In October,Flora Terra 3.5g - Buy 3 Flora Terra 3.5g for $50,3.5g Flower,Flora Terra,"While supplies last, Excludes clearance",All Stores
2026-10-03,Saturday,27,Every Day In October,Flora Terra 3.5g - Buy 3 Flora Terra 3.5g for $50,3.5g Flower,Flora Terra,"While supplies last, Excludes clearance",All Stores
2026-10-04,Sunday,27,Every Day In October,Flora Terra 3.5g - Buy 3 Flora Terra 3.5g for $50,3.5g Flower,Flora Terra,"While supplies last, Excludes clearance",All Stores
2026-10-05,Monday,27,Every Day In October,Flora Terra 3.5g - Buy 3 Flora Terra 3.5g for $50,3.5g Flower,Flora Terra,"While supplies last, Excludes clearance",All Stores
2026-10-06,Tuesday,27,Every Day In October,Flora Terra 3.5g - Buy 3 Flora Terra 3.5g for $50,3.5g Flower,Flora Terra,"While supplies last, Excludes clearance",All Stores
2026-10-07,Wednesday,27,Every Day In October,Flora Terra 3.5g - Buy 3 Flora Terra 3.5g for $50,3.5g Flower,Flora Terra,"While supplies last, Excludes clearance",All Stores
2026-10-08,Thursday,27,Every Day In October,Flora Terra 3.5g - Buy 3 Flora Terra 3.5g for $50,3.5g Flower,Flora Terra,"While supplies last, Excludes clearance",All Stores
2026-10-09,Friday,27,Every Day In October,Flora Terra 3.5g - Buy 3 Flora Terra 3.5g for $50,3.5g Flower,Flora Terra,"While supplies last, Excludes clearance",All Stores
2026-10-10,Saturday,27,Every Day In October,Flora Terra 3.5g - Buy 3 Flora Terra 3.5g for $50,3.5g Flower,Flora Terra,"While supplies last, Excludes clearance",All Stores
2026-10-11,Sunday,27,Every Day In October,Flora Terra 3.5g - Buy 3 Flora Terra 3.5g for $50,3.5g Flower,Flora Terra,"While supplies last, Excludes clearance",All Stores
2026-10-12,Monday,27,Every Day In October,Flora Terra 3.5g - Buy 3 Flora Terra 3.5g for $50,3.5g Flower,Flora Terra,"While supplies last, Excludes clearance",All Stores
2026-10-13,Tuesday,27,Every Day In October,Flora Terra 3.5g - Buy 3 Flora Terra 3.5g for $50,3.5g Flower,Flora Terra,"While supplies last, Excludes clearance",All Stores
2026-10-14,Wednesday,27,Every Day In October,Flora Terra 3.5g - Buy 3 Flora Terra 3.5g for $50,3.5g Flower,Flora Terra,"While supplies last, Excludes clearance",All Stores
2026-10-15,Thursday,27,Every Day In October,Flora Terra 3.5g - Buy 3 Flora Terra 3.5g for $50,3.5g Flower,Flora Terra,"While supplies last, Excludes clearance",All Stores
2026-10-16,Friday,27,Every Day In October,Flora Terra 3.5g - Buy 3 Flora Terra 3.5g for $50,3.5g Flower,Flora Terra,"While supplies last, Excludes clearance",All Stores
2026-10-17,Saturday,27,Every Day In October,Flora Terra 3.5g - Buy 3 Flora Terra 3.5g for $50,3.5g Flower,Flora Terra,"While supplies last, Excludes clearance",All Stores
2026-10-18,Sunday,27,Every Day In October,Flora Terra 3.5g - Buy 3 Flora Terra 3.5g for $50,3.5g Flower,Flora Terra,"While supplies last, Excludes clearance",All Stores
2026-10-19,Monday,27,Every Day In October,Flora Terra 3.5g - Buy 3 Flora Terra 3.5g for $50,3.5g Flower,Flora Terra,"While supplies last, Excludes clearance",All Stores
2026-10-20,Tuesday,27,Every Day In October,Flora Terra 3.5g - Buy 3 Flora Terra 3.5g for $50,3.5g Flower,Flora Terra,"While supplies last, Excludes clearance",All Stores
2026-10-21,Wednesday,27,Every Day In October,Flora Terra 3.5g - Buy 3 Flora Terra 3.5g for $50,3.5g Flower,Flora Terra,"While supplies last, Excludes clearance",All Stores
2026-10-22,Thursday,27,Every Day In October,Flora Terra 3.5g - Buy 3 Flora Terra 3.5g for $50,3.5g Flower,Flora Terra,"While supplies last, Excludes clearance",All Stores
2026-10-23,Friday,27,Every Day In October,Flora Terra 3.5g - Buy 3 Flora Terra 3.5g for $50,3.5g Flower,Flora Terra,"While supplies last, Excludes clearance",All Stores
2026-10-24,Saturday,27,Every Day In October,Flora Terra 3.5g - Buy 3 Flora Terra 3.5g for $50,3.5g Flower,Flora Terra,"While supplies last, Excludes clearance",All Stores
2026-10-25,Sunday,27,Every Day In October,Flora Terra 3.5g - Buy 3 Flora Terra 3.5g for $50,3.5g Flower,Flora Terra,"While supplies last, Excludes clearance",All Stores
2026-10-26,Monday,27,Every Day In October,Flora Terra 3.5g - Buy 3 Flora Terra 3.5g for $50,3.5g Flower,Flora Terra,"While supplies last, Excludes clearance",All Stores
2026-10-27,Tuesday,27,Every Day In October,Flora Terra 3.5g - Buy 3 Flora Terra 3.5g for $50,3.5g Flower,Flora Terra,"While supplies last, Excludes clearance",All Stores
2026-10-28,Wednesday,27,Every Day In October,Flora Terra 3.5g - Buy 3 Flora Terra 3.5g for $50,3.5g Flower,Flora Terra,"While supplies last, Excludes clearance",All Stores
2026-10-29,Thursday,27,Every Day In October,Flora Terra 3.5g - Buy 3 Flora Terra 3.5g for $50,3.5g Flower,Flora Terra,"While supplies last, Excludes clearance",All Stores
2026-10-30,Friday,27,Every Day In October,Flora Terra 3.5g - Buy 3 Flora Terra 3.5g for $50,3.5g Flower,Flora Terra,"While supplies last, Excludes clearance",All Stores
2026-10-31,Saturday,27,Every Day In October,Flora Terra 3.5g - Buy 3 Flora Terra 3.5g for $50,3.5g Flower,Flora Terra,"While supplies last, Excludes clearance",All Stores
2026-10-10,Saturday,28,"October 10th, 20th & 30th","Dime Day- Buy 1, Get 1 50% Off","Vape Cartridges, All In Ones",Dime Industries,While supplies last,All Stores
2026-10-20,Tuesday,28,"October 10th, 20th & 30th","Dime Day- Buy 1, Get 1 50% Off","Vape Cartridges, All In Ones",Dime Industries,While supplies last,All Stores
2026-10-30,Friday,28,"October 10th, 20th & 30th","Dime Day- Buy 1, Get 1 50% Off","Vape Cartridges, All In Ones",Dime Industries,While supplies last,All Stores
